1621006500,1.9,1.9,1.9,1.9,36.84211,1
1621006560,1.9,1.9,1.9,1.9,60.11026957,3
1621006680,1.9,1.9,1.9,1.9,63.58434639,1
1621006740,1.9,1.9,1.9,1.9,205.58434639,2
1621006920,1.89,1.89,1.89,1.89,10.02,1
1621006980,1.85,1.85,1.85,1.85,5,1
1621007040,1.85,1.85,1.85,1.85,10.02003505,1
1621007100,1.836,1.836,1.8,1.8,95.88750241,4
1621007160,1.8,1.8,1.799,1.799,57.73260828,4
1621007220,1.799,1.799,1.664,1.734,176.07873473,18
1621007520,1.734,1.734,1.734,1.734,25.6060028,2
1621008000,1.751,1.768,1.751,1.768,312,3
1621008360,1.746,1.746,1.635,1.733,5028.063,20
1621009080,1.733,1.767,1.733,1.767,2E+1,3
1621009140,1.767,1.792,1.767,1.792,549.55623,3
1621009200,1.788,1.788,1.788,1.788,2.5E+3,1
1621009260,1.784,1.784,1.784,1.784,4E+1,1
1621009500,1.762,1.762,1.745,1.745,10.02534856,2
1621009620,1.745,1.745,1.695,1.695,556.07079998,7
1621009740,1.732,1.747,1.732,1.747,56.481,2
1621010100,1.746,1.746,1.746,1.746,5.64273,1
1621010640,1.723,1.723,1.723,1.723,5E+1,1
1621010700,1.723,1.723,1.723,1.723,65.74475,1
1621010760,1.723,1.723,1.723,1.723,41.67321,1
1621011180,1.739,1.739,1.739,1.739,8.6306099,1
1621011420,1.735,1.735,1.735,1.735,393.64403728,1
1621011480,1.734,1.734,1.734,1.734,14.65961018,1
1621011960,1.739,1.739,1.739,1.739,567.19727,1
1621012380,1.739,1.739,1.739,1.739,16,2
1621013760,1.748,1.748,1.748,1.748,2E+2,1
1621014540,1.749,1.765,1.749,1.765,28.0007,2
1621014600,1.766,1.797,1.766,1.797,44.11139,3
1621014660,1.797,1.797,1.797,1.797,243.44485289,2
1621014780,1.798,1.798,1.798,1.798,2E+1,1
1621015020,1.762,1.762,1.762,1.762,10.02000283,1
1621015500,1.783,1.79,1.783,1.79,54.8648,2
1621015560,1.79,1.79,1.79,1.79,55.04031,1
1621016160,1.789,1.789,1.789,1.789,67.61203011,1
1621016820,1.789,1.789,1.789,1.789,1.10142,1
1621016880,1.762,1.762,1.76,1.76,2E+2,5
1621016940,1.76,1.76,1.76,1.76,120.74,2
1621017300,1.778,1.778,1.778,1.778,68.05277698,1
1621017540,1.778,1.778,1.778,1.778,5E+1,1
1621017720,1.761,1.761,1.76,1.76,482.37457858,3
1621017780,1.76,1.778,1.76,1.778,42.61122603,2
1621017840,1.778,1.778,1.778,1.778,78.19679227,2
1621018020,1.778,1.778,1.778,1.778,2E+3,1
1621018080,1.778,1.779,1.778,1.779,538.1646299,2
1621018200,1.778,1.778,1.778,1.778,160.55298053,2
1621018260,1.778,1.778,1.778,1.778,290.35755846,12
1621018380,1.778,1.778,1.778,1.778,60.28530175,2
1621018440,1.779,1.779,1.779,1.779,30.38422599,2
1621018620,1.778,1.778,1.778,1.778,207.55599,3
1621018680,1.778,1.778,1.778,1.778,148.82184189,4
1621018740,1.778,1.778,1.778,1.778,101.59149751,2
1621018800,1.778,1.778,1.778,1.778,32.60164,1
1621018860,1.778,1.778,1.778,1.778,243.87713467,5
1621018920,1.778,1.778,1.778,1.778,9.99395135,1
1621019040,1.778,1.778,1.778,1.778,33.1565,1
1621019160,1.778,1.778,1.778,1.778,17.24791,1
1621019220,1.778,1.778,1.778,1.778,268.21492682,2
1621019280,1.778,1.778,1.778,1.778,149.23263105,1
1621019580,1.746,1.746,1.746,1.746,1662.1,1
1621019640,1.746,1.746,1.746,1.746,5807.3164857,7
1621019820,1.778,1.778,1.778,1.778,34.06162,1
1621020180,1.746,1.746,1.746,1.746,3397.92547754,3
1621020240,1.745,1.778,1.729,1.778,3814.73639559,6
1621020300,1.746,1.746,1.746,1.746,1820.4410888,5
1621020360,1.778,1.778,1.778,1.778,5.54117,1
1621020840,1.778,1.837,1.778,1.821,6659.90055605,12
1621020900,1.821,1.821,1.746,1.746,183.91924579,5
1621020960,1.799,1.799,1.78,1.78,30.06,4
1621021020,1.819,1.819,1.819,1.819,75,1
1621021080,1.78,1.78,1.749,1.749,4010.8373329,5
1621021140,1.75,1.845,1.749,1.845,2176.43651194,10
1621021200,1.896,1.896,1.852,1.852,20.04000269,2
1621021800,1.834,1.834,1.778,1.778,200.15,10
1621021860,1.778,1.838,1.76,1.76,854.19601543,14
1621021920,1.76,1.76,1.749,1.75,9309.252,11
1621021980,1.75,1.781,1.75,1.781,1536.21184288,5
1621022100,1.783,1.783,1.783,1.783,9.89323552,1
1621022220,1.803,1.812,1.803,1.812,45.40216335,4
1621022280,1.812,1.839,1.812,1.839,160.43539649,9
1621022400,1.839,1.855,1.839,1.855,118.06836,3
1621022640,1.856,1.856,1.856,1.856,9.983974,1
1621022700,1.856,1.856,1.856,1.856,0.026026,1
1621022820,1.87,1.87,1.87,1.87,64.7015417,1
1621022880,1.87,1.87,1.856,1.856,1015.92226015,8
1621022940,1.917,1.985,1.917,1.985,49.97624,2
1621023000,1.967,1.967,1.967,1.967,10.02,1
1621023060,1.947,1.947,1.928,1.928,19.53826625,5
1621023180,1.928,1.928,1.909,1.909,9.95801884,2
1621023300,1.951,2.0,1.947,1.947,4973.65069256,10
1621023420,1.928,1.928,1.909,1.909,10.58383967,2
1621023720,1.931,1.931,1.931,1.931,893.37783532,1
1621023900,1.931,1.931,1.931,1.931,1E+2,1
1621023960,1.931,1.931,1.931,1.931,10.20426,1
1621024260,1.931,1.992,1.931,1.97,1873.97893268,10
1621024320,1.947,1.947,1.947,1.947,10.02000256,1
1621024380,1.969,1.969,1.969,1.969,7.82208571,1
1621024440,1.928,1.928,1.75,1.75,4021.03673544,20
1621024500,1.746,1.746,1.71,1.71,136.38456466,6
1621024560,1.71,1.74,1.702,1.74,32.97045531,3
1621024620,1.723,1.75,1.668,1.7,132.62416554,7
1621024680,1.75,1.75,1.75,1.75,6E+1,1
1621024740,1.748,1.748,1.748,1.748,1.5E+2,1
1621024800,1.748,1.748,1.748,1.748,112.72559,1
1621024860,1.744,1.744,1.744,1.744,40.8747133,1
1621024920,1.744,1.744,1.744,1.744,68.44334862,1
1621024980,1.744,1.744,1.744,1.744,102.65068807,1
1621025040,1.744,1.744,1.744,1.744,981.18457567,1
1621025220,1.743,1.745,1.743,1.745,190.50628504,2
1621025280,1.745,1.745,1.745,1.745,65.69982808,1
1621025400,1.744,1.744,1.744,1.744,6.84759174,1
1621025460,1.744,1.745,1.744,1.745,302.26114211,4
1621025520,1.74,1.74,1.74,1.74,17.15637931,1
1621025580,1.74,1.74,1.74,1.74,76.83632183,1
1621025700,1.74,1.74,1.74,1.74,70.11924677,2
1621025760,1.72,1.72,1.7,1.7,332.10682663,8
1621025820,1.7,1.7,1.7,1.7,17.34117647,1
1621025880,1.7,1.723,1.7,1.723,161.06195482,3
1621025940,1.723,1.723,1.723,1.723,5,1
1621026000,1.723,1.739,1.723,1.739,217.32763839,3
1621026060,1.739,1.739,1.739,1.739,13.73358251,1
1621026120,1.739,1.739,1.739,1.739,112.45155023,2
1621026180,1.739,1.739,1.739,1.739,200.75146635,1
1621026240,1.739,1.739,1.739,1.739,9.23634272,1
1621026300,1.739,1.739,1.739,1.739,178.74186313,3
1621026360,1.739,1.739,1.739,1.739,197.83191487,3
1621026420,1.739,1.74,1.739,1.74,343.50656114,3
1621026480,1.74,1.74,1.74,1.74,68.68195402,1
1621026540,1.74,1.74,1.74,1.74,19.8517816,1
1621026600,1.739,1.739,1.739,1.739,137.42984473,1
1621026720,1.739,1.739,1.739,1.739,547.5787234,2
1621026780,1.739,1.739,1.739,1.739,5.33312248,1
1621027020,1.739,1.739,1.739,1.739,13.05951696,1
1621027140,1.739,1.739,1.739,1.739,13.06112708,1
1621027200,1.739,1.739,1.703,1.703,1022.1877146,2
1621027560,1.739,1.739,1.739,1.739,12.37573317,1
1621027620,1.739,1.739,1.739,1.739,277.11799883,4
1621027740,1.738,1.738,1.738,1.738,113.37418,1
1621027860,1.738,1.738,1.738,1.738,79.01046577,2
1621028040,1.737,1.737,1.737,1.737,25.41748131,1
1621028100,1.737,1.737,1.737,1.737,149.05365151,4
1621028280,1.737,1.737,1.737,1.737,227.00914318,2
1621028580,1.737,1.737,1.737,1.737,73.97190558,2
1621028700,1.737,1.737,1.737,1.737,524.54781842,1
1621028760,1.74,1.74,1.738,1.738,617.72736012,2
1621029060,1.76,1.76,1.76,1.76,10.02993317,1
1621029180,1.76,1.76,1.75,1.75,1557.72011606,3
1621029300,1.749,1.749,1.749,1.749,12.96146369,1
1621029360,1.749,1.749,1.749,1.749,6.39605488,1
1621029420,1.749,1.749,1.72,1.72,226.56864067,2
1621029720,1.728,1.728,1.728,1.728,85.61487268,2
1621029840,1.728,1.728,1.728,1.728,31.08153935,1
1621029960,1.719,1.749,1.719,1.749,515.46751511,3
1621030080,1.739,1.74,1.739,1.74,217.65111921,6
1621030140,1.74,1.74,1.74,1.74,22.02058319,1
1621030260,1.74,1.74,1.687,1.687,167.8969303,7
1621030320,1.702,1.74,1.702,1.74,1.2E+2,3
1621030440,1.74,1.74,1.74,1.74,57.80766152,1
1621030560,1.74,1.74,1.74,1.74,30.05397358,2
1621030620,1.74,1.74,1.74,1.74,10.04611091,1
1621030860,1.739,1.74,1.739,1.74,1128.88937611,5
1621030920,1.74,1.74,1.74,1.74,6.33931034,1
1621031220,1.702,1.702,1.702,1.702,10.02000293,1
1621031280,1.723,1.738,1.723,1.738,20.0300589,2
1621031340,1.738,1.738,1.738,1.738,343.3807825,1
1621031700,1.738,1.739,1.738,1.739,894.76977796,2
1621032000,1.739,1.739,1.739,1.739,205.0950951,2
1621032060,1.739,1.739,1.739,1.739,204.89,1
1621032180,1.739,1.739,1.7,1.7,99.84972615,4
1621032240,1.7,1.7,1.7,1.7,107.48799231,3
1621032300,1.7,1.7,1.7,1.7,49.10405588,1
1621032480,1.692,1.692,1.692,1.692,76.559436,1
1621032540,1.691,1.691,1.69,1.69,4705.79952,5
1621032600,1.723,1.739,1.706,1.706,750.85568094,4
1621032840,1.702,1.702,1.684,1.684,850.42,6
1621032960,1.705,1.739,1.702,1.702,66.96230293,4
1621033320,1.723,1.723,1.723,1.723,10.01,1
1621033680,1.739,1.739,1.739,1.739,245.48369541,5
1621033740,1.739,1.739,1.739,1.739,149.28094451,3
1621033860,1.704,1.704,1.704,1.704,9.99400674,1
1621033920,1.739,1.8,1.705,1.705,791.27949781,5
1621034280,1.727,1.75,1.715,1.75,859.05250848,6
1621034340,1.736,1.736,1.705,1.705,80.78446862,3
1621034460,1.74,1.74,1.74,1.74,10.01,1
1621034580,1.75,1.75,1.75,1.75,33.12783,1
1621034640,1.75,1.75,1.75,1.75,79.22638956,2
1621035360,1.749,1.75,1.749,1.75,704.29717742,2
1621035420,1.75,1.75,1.75,1.75,69.09713315,1
1621035480,1.75,1.75,1.75,1.75,45.77436175,6
1621035540,1.75,1.75,1.75,1.75,15.65214076,2
1621035660,1.75,1.75,1.75,1.75,79.07682747,2
1621035720,1.75,1.75,1.75,1.75,138.16575218,2
1621036020,1.75,1.8,1.75,1.8,841.372572,5
1621036080,1.78,1.78,1.753,1.753,24.34731891,3
1621036320,1.753,1.753,1.736,1.736,8.11508514,2
1621036500,1.774,1.774,1.774,1.774,8.04706007,1
1621036560,1.76,1.76,1.76,1.76,9.99395138,1
1621036620,1.76,1.76,1.76,1.76,68.68015522,1
1621037220,1.76,1.76,1.76,1.76,219.61019356,3
1621037280,1.76,1.76,1.76,1.76,7.83860383,1
1621037340,1.759,1.759,1.759,1.759,7.81040523,1
1621037640,1.759,1.76,1.759,1.76,66.05809502,2
1621037700,1.76,1.76,1.76,1.76,115.85129561,5
1621038480,1.736,1.736,1.705,1.705,22.9064,5
1621038540,1.705,1.705,1.685,1.685,21.24420903,3
1621039080,1.685,1.685,1.685,1.685,338.49565282,1
1621039200,1.681,1.681,1.681,1.681,8.29501453,1
1621039740,1.668,1.668,1.668,1.668,2894.58242677,2
1621039980,1.665,1.665,1.665,1.665,14.33972366,1
1621040040,1.663,1.663,1.652,1.652,17.02214814,4
1621040520,1.653,1.653,1.651,1.651,2953.5499092,3
1621040580,1.65,1.65,1.65,1.65,60.61,1
1621041060,1.671,1.671,1.671,1.671,10.63638,1
1621041120,1.671,1.671,1.671,1.671,1.33660841,1
1621041180,1.675,1.675,1.675,1.675,10.01,1
1621041540,1.692,1.692,1.692,1.692,10.01,1
1621041720,1.705,1.705,1.705,1.705,29.166,1
1621041780,1.709,1.709,1.709,1.709,10.01,1
1621042020,1.708,1.708,1.708,1.708,1464.95388579,1
1621042680,1.714,1.714,1.714,1.714,146.37002341,1
1621043160,1.714,1.714,1.714,1.714,145.68764568,1
1621043640,1.724,1.724,1.724,1.724,8.57211,1
1621043700,1.714,1.714,1.714,1.714,8.36066,1
1621043760,1.71,1.71,1.71,1.71,144.371489,1
1621043820,1.712,1.712,1.712,1.712,57.58162,1
1621044120,1.7,1.7,1.7,1.7,74,1
1621044240,1.697,1.697,1.697,1.697,26.064856,1
1621044360,1.704,1.721,1.704,1.721,194.0223,2
1621044420,1.725,1.725,1.725,1.725,2.85571,1
1621044840,1.712,1.712,1.712,1.712,5.194496,1
1621045140,1.719,1.719,1.719,1.719,41.84735971,1
1621045380,1.711,1.711,1.711,1.711,140.91028,1
1621045920,1.698,1.698,1.698,1.698,44.11139,1
1621046940,1.707,1.707,1.707,1.707,1E+3,1
1621047120,1.707,1.707,1.707,1.707,11.55007,1
1621047300,1.699,1.699,1.699,1.699,624.75620954,1
1621047840,1.685,1.685,1.685,1.685,8.29501453,1
1621048260,1.683,1.683,1.683,1.683,10.0200505,1
1621048560,1.666,1.666,1.666,1.666,10.020015,1
1621049640,1.679,1.679,1.679,1.679,229.87527,1
1621054140,1.685,1.685,1.685,1.685,86,1
1621054680,1.653,1.653,1.653,1.653,649.85002719,1
1621054740,1.659,1.659,1.655,1.655,3320.92375569,2
1621056180,1.667,1.667,1.666,1.666,218.08884569,2
1621056240,1.662,1.662,1.655,1.655,1140.22085497,5
1621056300,1.659,1.659,1.659,1.659,8.36117742,1
1621056420,1.656,1.656,1.656,1.656,20.0199469,2
1621056600,1.651,1.651,1.65,1.65,20.05005545,2
1621056720,1.649,1.649,1.649,1.649,85.0850016,1
1621057140,1.649,1.649,1.649,1.649,32.481046,1
1621057320,1.651,1.656,1.651,1.656,534.06162,3
1621057380,1.654,1.654,1.654,1.654,10.841678,1
1621057500,1.654,1.654,1.654,1.654,5.460223,1
1621057800,1.669,1.669,1.669,1.669,295.15328,1
1621058040,1.669,1.669,1.669,1.669,11.80613,1
1621058340,1.67,1.67,1.67,1.67,10.01,1
1621058760,1.671,1.671,1.65,1.65,1709.95613946,4
1621059120,1.668,1.668,1.668,1.668,274.49761,2
1621059180,1.661,1.661,1.661,1.661,59.3507,1
1621059240,1.669,1.669,1.669,1.669,29.74703,1
1621059300,1.65,1.65,1.649,1.649,68.36691649,2
1621059420,1.654,1.654,1.654,1.654,1.5E+2,1
1621060320,1.67,1.673,1.67,1.673,58.93671,2
1621060560,1.656,1.656,1.654,1.654,2762.10597163,3
1621060800,1.651,1.651,1.651,1.651,895.11357,1
1621060860,1.65,1.65,1.65,1.65,18.47082376,2
1621061100,1.634,1.634,1.634,1.634,192.52755413,2
1621061340,1.627,1.627,1.627,1.627,8.55745093,1
1621061640,1.635,1.635,1.635,1.635,300.92293,1
1621061700,1.629,1.629,1.629,1.629,107.84,1
1621061820,1.634,1.634,1.634,1.634,10.02003977,1
1621062120,1.645,1.645,1.645,1.645,14.70588,1
1621062180,1.636,1.636,1.636,1.636,8.51950215,1
1621062300,1.653,1.653,1.653,1.653,184.87955,1
1621062360,1.653,1.653,1.653,1.653,56.33185,1
1621062420,1.643,1.643,1.643,1.643,1E+1,1
1621062480,1.632,1.632,1.632,1.632,8.45585284,1
1621062540,1.636,1.636,1.636,1.636,935.36491442,1
1621062660,1.635,1.635,1.635,1.635,256.25325443,1
1621062840,1.625,1.625,1.625,1.625,419.25723076,1
1621063140,1.622,1.622,1.618,1.618,117.49207666,3
1621063200,1.622,1.622,1.622,1.622,105.89463625,1
1621063440,1.625,1.625,1.625,1.625,9.974,1
1621063740,1.637,1.637,1.637,1.637,182.31728772,1
1621064580,1.637,1.637,1.637,1.637,4.16477,1
1621064880,1.637,1.637,1.637,1.637,60.18458,1
1621065180,1.621,1.621,1.62,1.62,1636.05512711,4
1621066020,1.614,1.614,1.614,1.614,60.96668,1
1621066080,1.607,1.607,1.607,1.607,64.65488487,2
1621066140,1.606,1.606,1.606,1.606,353.89371302,2
1621066200,1.608,1.608,1.608,1.608,6.99060945,1
1621066440,1.622,1.622,1.622,1.622,607.41163,1
1621067100,1.626,1.626,1.626,1.626,3E+3,2
1621067340,1.627,1.627,1.627,1.627,30.82040282,1
1621067400,1.627,1.627,1.627,1.627,8.10219,1
1621067820,1.626,1.626,1.626,1.626,9.94278412,1
1621067880,1.62,1.62,1.62,1.62,7E+1,1
1621068300,1.62,1.62,1.614,1.614,423.94776951,2
1621068360,1.612,1.612,1.604,1.604,2439.44753039,3
1621068480,1.602,1.602,1.6,1.6,322.52000312,2
1621068540,1.605,1.605,1.605,1.605,61.46111,1
1621068720,1.613,1.613,1.613,1.613,155.76323987,1
1621068840,1.619,1.619,1.619,1.619,5.59734403,1
1621068900,1.617,1.617,1.617,1.617,154.41630636,1
1621069020,1.62,1.62,1.62,1.62,30.40807,1
1621069140,1.611,1.617,1.611,1.617,204.75470166,2
1621069260,1.618,1.621,1.618,1.621,314.39596337,3
1621069320,1.633,1.633,1.633,1.633,4E+1,1
1621069380,1.624,1.624,1.624,1.624,153.84615384,1
1621069560,1.632,1.638,1.632,1.638,3159.08563024,3
1621069620,1.636,1.636,1.636,1.636,152.998776,1
1621069740,1.635,1.635,1.635,1.635,36.22085902,1
1621070100,1.627,1.627,1.627,1.627,18,1
1621070220,1.621,1.621,1.621,1.621,35.37847007,1
1621070280,1.62,1.62,1.62,1.62,15,1
1621070460,1.612,1.612,1.612,1.612,42.88988833,1
1621070820,1.602,1.602,1.602,1.602,6.563861,1
1621070940,1.602,1.602,1.602,1.602,3.45614212,1
1621071360,1.609,1.609,1.609,1.609,754.1398384,1
1621071480,1.613,1.613,1.613,1.613,1E+1,1
1621071600,1.616,1.616,1.616,1.616,2.7435,1
1621071840,1.621,1.621,1.621,1.621,24.34148,1
1621072980,1.609,1.609,1.605,1.605,230.03997968,3
1621073280,1.625,1.625,1.625,1.625,4.75181,1
1621073700,1.596,1.596,1.592,1.592,4955.73626917,6
1621073940,1.589,1.589,1.586,1.586,5103.98744627,3
1621074120,1.586,1.586,1.586,1.586,5.155557,1
1621074180,1.587,1.587,1.582,1.582,40.05185885,5
1621074240,1.587,1.588,1.587,1.588,323.3,2
1621074600,1.579,1.579,1.575,1.575,6100.06890436,5
1621075680,1.585,1.585,1.585,1.585,382.4542447,2
1621076100,1.595,1.595,1.595,1.595,166.78307,1
1621077000,1.61,1.61,1.61,1.61,3059.69464,3
1621077480,1.601,1.601,1.6,1.6,1245.80827081,5
1621078200,1.606,1.606,1.606,1.606,75.4717,1
1621078320,1.595,1.595,1.595,1.595,145.41556469,2
1621078380,1.593,1.602,1.593,1.602,39.51543309,2
1621078860,1.594,1.594,1.594,1.594,1999.99999999,4
1621078980,1.609,1.611,1.609,1.611,288.80931098,3
1621079220,1.593,1.593,1.593,1.593,27.57012491,1
1621079580,1.602,1.61,1.602,1.61,71.203833,3
1621079700,1.61,1.61,1.61,1.61,62.11,1
1621080060,1.611,1.611,1.611,1.611,245.51752663,4
1621080300,1.614,1.614,1.614,1.614,3E+3,1
1621080360,1.616,1.616,1.612,1.612,4599.85551394,6
1621080660,1.612,1.612,1.612,1.612,2994.71473561,1
1621080720,1.611,1.611,1.611,1.611,68.85586592,1
1621080960,1.61,1.74,1.61,1.74,2222,14
1621081080,1.606,1.606,1.606,1.606,186.33,2
1621081140,1.604,1.604,1.604,1.604,124.22,1
1621081500,1.604,1.604,1.604,1.604,155.86034912,1
1621081620,1.604,1.604,1.604,1.604,155.86034912,1
1621081740,1.62,1.621,1.62,1.621,1.2E+2,2
1621081860,1.63,1.63,1.63,1.63,182.6903,2
1621081980,1.624,1.624,1.624,1.624,153.37423312,2
1621082100,1.623,1.623,1.623,1.623,153.94088669,1
1621082220,1.638,1.638,1.627,1.627,163.56259764,2
1621082580,1.626,1.626,1.626,1.626,153.65703958,1
1621082640,1.635,1.635,1.635,1.635,26.26655,1
1621082700,1.63,1.63,1.63,1.63,122.6993865,1
1621083060,1.628,1.628,1.628,1.628,153.09246785,1
1621083300,1.625,1.625,1.625,1.625,841.61333706,2
1621083720,1.628,1.628,1.628,1.628,112.94660076,1
1621083780,1.634,1.635,1.634,1.635,12.60453,2
1621084200,1.635,1.635,1.635,1.635,30.47231109,1
1621084320,1.635,1.635,1.635,1.635,0.10872866,1
1621085040,1.618,1.618,1.618,1.618,7.56839211,1
1621085160,1.618,1.618,1.618,1.618,7.577636,3
1621085460,1.627,1.627,1.627,1.627,1816.63492,1
1621086420,1.626,1.626,1.626,1.626,65.4995,1
1621086480,1.632,1.632,1.632,1.632,6.0295,1
1621086840,1.611,1.611,1.611,1.611,321.59,1
1621086900,1.61,1.61,1.61,1.61,18.63354037,1
1621087200,1.62,1.62,1.62,1.62,121.55727,1
1621087620,1.633,1.634,1.633,1.634,1507.38239,2
1621087740,1.635,1.635,1.635,1.635,120.51641,1
1621088100,1.631,1.631,1.631,1.631,2E+1,1
1621088160,1.626,1.626,1.626,1.626,4E+1,1
1621088460,1.616,1.616,1.616,1.616,129.47487,1
1621088640,1.621,1.621,1.621,1.621,143.1823,1
1621088700,1.624,1.624,1.624,1.624,1.1E+3,1
1621088880,1.623,1.623,1.623,1.623,8.94380776,1
1621089000,1.611,1.611,1.611,1.611,12.4,1
1621089600,1.624,1.624,1.624,1.624,76.4877463,1
1621089660,1.623,1.623,1.623,1.623,7.36888478,1
1621089840,1.634,1.681,1.634,1.681,228.66307,6
1621091040,1.652,1.652,1.652,1.652,61.94,1
1621091460,1.65,1.65,1.65,1.65,97,1
1621092060,1.648,1.648,1.648,1.648,275,1
1621092120,1.651,1.651,1.651,1.651,165.78593,1
1621092480,1.631,1.631,1.631,1.631,1245.39878,2
1621092900,1.633,1.633,1.633,1.633,120.36917,1
1621093620,1.634,1.636,1.627,1.627,237.16681851,5
1621093680,1.627,1.627,1.627,1.627,1816.63492,1
1621094220,1.643,1.645,1.643,1.645,911,2
1621094400,1.627,1.627,1.627,1.627,17.18722176,2
1621094640,1.62,1.62,1.614,1.614,54.68032412,3
1621094760,1.602,1.602,1.601,1.601,3656.08105305,3
1621095060,1.6,1.6,1.6,1.6,45.57,1
1621095120,1.584,1.584,1.584,1.584,9.81372914,1
1621095360,1.6,1.6,1.6,1.6,45.57,1
1621095660,1.601,1.601,1.6,1.6,3449.53839685,2
1621095720,1.602,1.602,1.602,1.602,494.12987,1
1621096080,1.59,1.59,1.59,1.59,26.89169811,1
1621096140,1.58,1.58,1.58,1.58,316.4556962,1
1621096320,1.578,1.578,1.578,1.578,62.5,1
1621096560,1.585,1.585,1.585,1.585,31.1779,1
1621098480,1.575,1.575,1.575,1.575,9.37396825,1
1621098540,1.57,1.57,1.57,1.57,4780.44365096,2
1621098600,1.57,1.57,1.57,1.57,2951.12893781,1
1621098660,1.568,1.568,1.565,1.565,1420.51693769,2
1621099200,1.564,1.564,1.564,1.564,31.45663,1
1621099380,1.558,1.558,1.558,1.558,47.60627985,5
1621099680,1.565,1.565,1.565,1.565,157.38365,1
1621099800,1.563,1.563,1.563,1.563,5.77658349,1
1621100040,1.568,1.568,1.568,1.568,65.27348,1
1621100220,1.583,1.583,1.583,1.583,5.95489577,1
1621100400,1.579,1.579,1.579,1.579,165.78593,1
1621101420,1.562,1.562,1.562,1.562,107.42681234,1
1621101540,1.558,1.558,1.558,1.558,2920.81197032,1
1621102140,1.56,1.56,1.56,1.56,2.4E+2,1
1621102620,1.565,1.565,1.565,1.565,53.64987386,2
1621102680,1.559,1.559,1.559,1.559,2.5E+2,1
1621103100,1.566,1.566,1.566,1.566,29.166,1
1621103640,1.572,1.572,1.572,1.572,1000.3381043,4
1621105500,1.581,1.581,1.581,1.581,45.87926549,1
1621105860,1.567,1.567,1.567,1.567,3069.57647707,3
1621106040,1.552,1.552,1.552,1.552,8.97732586,1
1621106280,1.547,1.547,1.547,1.547,2804.15213515,2
1621106340,1.546,1.546,1.54,1.54,18.06021249,2
1621108140,1.577,1.578,1.577,1.578,1E+1,2
1621108500,1.575,1.575,1.575,1.575,179.79034921,1
1621108560,1.569,1.569,1.569,1.569,8.10219,1
1621109640,1.595,1.595,1.595,1.595,30.0261442,1
1621109760,1.597,1.597,1.597,1.597,33.72703,1
1621110840,1.598,1.598,1.598,1.598,1647.45017137,1
1621111080,1.597,1.597,1.597,1.597,15,1
1621111140,1.594,1.594,1.594,1.594,440.80738,1
1621111200,1.605,1.605,1.605,1.605,113.62554516,1
1621111860,1.605,1.605,1.605,1.605,17.44548,1
1621112640,1.602,1.602,1.602,1.602,115,1
1621112880,1.597,1.597,1.597,1.597,2E+2,2
1621113480,1.597,1.597,1.597,1.597,7E+1,1
1621114980,1.604,1.604,1.604,1.604,285,1
1621116120,1.598,1.598,1.598,1.598,392.22046308,1
1621116240,1.596,1.596,1.596,1.596,30.86534,1
1621116900,1.588,1.588,1.587,1.587,143.1823,2
1621119600,1.578,1.578,1.578,1.578,37.83979721,1
1621119660,1.576,1.576,1.574,1.574,85.69904996,2
1621121220,1.549,1.549,1.548,1.548,19.03245611,2
1621121340,1.559,1.559,1.559,1.559,347.15,1
1621121460,1.548,1.548,1.548,1.548,25.25224847,1
1621121760,1.548,1.548,1.539,1.539,300.92293,3
1621121880,1.551,1.551,1.551,1.551,158.80426,1
1621121940,1.554,1.554,1.554,1.554,61.07049,3
1621122420,1.554,1.554,1.554,1.554,6.1794185,1
1621123260,1.554,1.554,1.554,1.554,107.546063,1
1621123560,1.563,1.563,1.563,1.563,26.35178576,1
1621123740,1.572,1.572,1.572,1.572,18.901145,1
1621125180,1.57,1.57,1.57,1.57,8.8668357,1
1621126020,1.563,1.563,1.562,1.562,18.92801504,2
1621126080,1.557,1.557,1.557,1.557,8.94250303,1
1621126500,1.551,1.551,1.551,1.551,8.97732586,1
1621132380,1.605,1.605,1.605,1.605,1E+1,1
1621132620,1.602,1.602,1.602,1.602,10.35603238,1
1621135740,1.587,1.587,1.587,1.587,8.79914993,1
1621145940,1.609,1.609,1.609,1.609,78.08,4
1621147560,1.623,1.623,1.623,1.623,1E+2,1
1621150080,1.622,1.622,1.622,1.622,10.35603233,3
1621150260,1.621,1.621,1.621,1.621,1539.74,1
1621150500,1.615,1.615,1.615,1.615,5E+1,1
1621150740,1.649,1.649,1.649,1.649,1.5E+2,1
1621150860,1.626,1.626,1.626,1.626,12.11834,1
1621150980,1.622,1.622,1.622,1.622,559.00999997,4
1621151160,1.628,1.628,1.628,1.628,30.18448,1
1621153260,1.628,1.628,1.628,1.628,6.01501112,1
1621153320,1.628,1.628,1.628,1.628,543.98498888,1
1621154160,1.629,1.629,1.629,1.629,184.16,1
1621154340,1.632,1.632,1.632,1.632,6.03689,1
1621154520,1.634,1.634,1.634,1.634,122,1
1621155000,1.641,1.641,1.641,1.641,13.11996,1
1621155060,1.645,1.645,1.645,1.645,1126.99,1
1621155240,1.641,1.641,1.641,1.641,7.04293569,1
1621155360,1.641,1.641,1.641,1.641,7.04269169,1
1621155420,1.641,1.641,1.641,1.641,28.4122,1
1621156500,1.648,1.648,1.648,1.648,1945.88221262,1
1621156620,1.65,1.651,1.65,1.651,149.22883,2
1621156740,1.658,1.658,1.658,1.658,1E+3,1
1621158360,1.671,1.671,1.671,1.671,133.44572112,1
1621158540,1.676,1.676,1.676,1.676,2.5E+2,1
1621158960,1.7,1.7,1.7,1.7,870.04234491,2
1621159260,1.678,1.678,1.678,1.678,5E+1,1
1621159500,1.671,1.671,1.671,1.671,1181.42929904,2
1621159740,1.668,1.676,1.668,1.676,59.0488889,2
1621159860,1.677,1.677,1.677,1.677,10.0200502,1
1621159920,1.676,1.676,1.676,1.676,10.02001491,1
1621160640,1.691,1.691,1.691,1.691,2E+2,1
1621160700,1.669,1.669,1.669,1.669,1052.67884243,2
1621160820,1.66,1.66,1.66,1.66,8.38319011,1
1621160940,1.659,1.659,1.659,1.659,11.050514,2
1621161000,1.652,1.652,1.652,1.652,122,1
1621161060,1.649,1.65,1.649,1.65,20.24325449,2
1621161120,1.651,1.651,1.651,1.651,857.50679841,4
1621161540,1.658,1.658,1.658,1.658,150.7840772,1
1621161900,1.662,1.662,1.662,1.662,9.96317778,1
1621162260,1.655,1.655,1.655,1.655,25.046502,1
1621162860,1.679,1.679,1.679,1.679,10.01,1
1621163280,1.674,1.674,1.674,1.674,528.26422088,2
1621163400,1.677,1.68,1.677,1.68,2057.71323308,5
1621164120,1.669,1.669,1.669,1.669,8.35281624,1
1621164480,1.673,1.673,1.673,1.673,8.50974297,1
1621164780,1.675,1.675,1.675,1.675,5.87727,1
1621165020,1.659,1.659,1.659,1.659,6E+2,1
1621165200,1.658,1.658,1.658,1.658,10.02005126,1
1621165500,1.658,1.658,1.658,1.658,10.02005126,1
1621165860,1.649,1.649,1.649,1.649,8.45079649,1
1621166700,1.661,1.661,1.661,1.661,209.19680914,1
1621167240,1.664,1.664,1.664,1.664,3E+1,1
1621167300,1.649,1.649,1.649,1.649,8.45079649,1
1621168560,1.656,1.656,1.656,1.656,2E+1,1
1621168680,1.653,1.653,1.651,1.651,1747.28471832,2
1621168740,1.649,1.649,1.649,1.649,8.46179502,1
1621168860,1.654,1.657,1.648,1.656,7831.09311576,9
1621168920,1.654,1.656,1.654,1.656,2431.03233967,5
1621169040,1.65,1.65,1.642,1.642,125.90655938,3
1621169100,1.642,1.8,1.638,1.638,6921.92826784,22
1621169400,1.66,1.7,1.658,1.675,56.97709662,7
1621169460,1.658,1.678,1.636,1.636,48.58960771,6
1621169520,1.641,1.678,1.64,1.642,2805.26702046,6
1621169580,1.643,1.643,1.642,1.642,2807.76389453,9
1621169640,1.641,1.642,1.637,1.642,6658.48065849,8
1621169700,1.642,1.642,1.642,1.642,2002.10670256,2
1621169820,1.641,1.647,1.641,1.647,16931.12009782,6
1621169940,1.646,1.646,1.646,1.646,3E+3,1
1621170000,1.666,1.666,1.666,1.666,14.01362545,1
1621170120,1.666,1.666,1.666,1.666,0.0025009,1
1621170240,1.763,1.8,1.763,1.78,52.79590818,7
1621170300,1.809,1.835,1.809,1.834,94.13587688,13
1621170360,1.834,1.84,1.834,1.84,26.65499268,6
1621170420,1.84,1.904,1.832,1.904,973.56007051,25
1621170480,1.93,2.0,1.814,2.0,1086.0229873,33
1621170540,1.999,2.0,1.85,1.869,302.0066536,18
1621170600,1.996,1.996,1.869,1.911,40.06006681,5
1621170660,1.926,1.945,1.832,1.832,87.6806952,10
1621170720,1.872,1.872,1.872,1.872,10.01,1
1621170780,1.892,2.0,1.849,1.849,122.06212744,16
1621170840,1.999,1.999,1.907,1.907,603.55377237,7
1621170900,1.907,1.907,1.851,1.9,864.17190208,9
1621170960,1.87,1.9,1.87,1.9,78.32154402,3
1621171020,1.869,1.892,1.83,1.867,68.77322016,8
1621171080,1.88,1.91,1.88,1.91,5336.43639,3
1621171140,1.869,1.869,1.7,1.702,6311.28526483,18
1621171200,1.763,1.818,1.762,1.783,50.06004138,6
1621171260,1.783,1.783,1.745,1.745,864.49179167,4
1621171320,1.783,1.9,1.783,1.9,122.62473999,14
1621171380,1.9,1.9,1.834,1.9,812.66222452,6
1621171440,1.9,1.9,1.78,1.78,13833.51286298,26
1621171500,1.9,1.9,1.82,1.9,747.42816633,15
1621171560,1.9,1.9,1.9,1.9,267.37226312,4
1621171620,1.871,1.9,1.78,1.82,419.36934441,12
1621171680,1.78,1.838,1.78,1.838,2326.65750275,8
1621171740,1.838,1.838,1.78,1.82,6432.20996421,8
1621171800,1.837,1.837,1.799,1.799,17.98828149,2
1621171860,1.837,1.838,1.837,1.838,15.89477694,2
1621171920,1.798,1.798,1.79,1.79,94.84316703,3
1621171980,1.79,1.801,1.78,1.801,1413.51161684,8
1621172040,1.821,1.821,1.762,1.762,96.46910542,5
1621172100,1.783,1.783,1.783,1.783,10.00942232,1
1621172160,1.783,1.801,1.783,1.801,10.0102945,2
1621172220,1.801,1.801,1.801,1.801,67.15931949,2
1621172280,1.816,1.816,1.7,1.729,2051.85919832,21
1621172340,1.701,1.701,1.694,1.694,8607.56743336,9
1621172400,1.694,1.694,1.694,1.694,358.74545453,2
1621172460,1.694,1.694,1.694,1.694,275.21050766,2
1621172640,1.71,1.71,1.71,1.71,9.67946635,1
1621172700,1.678,1.678,1.671,1.671,4126.10678239,7
1621172760,1.696,1.696,1.696,1.696,33.4899,1
1621172940,1.69,1.69,1.69,1.69,3E+2,3
1621173060,1.668,1.668,1.668,1.668,8.35281624,1
1621173180,1.675,1.675,1.675,1.675,65.537774,1
1621173300,1.691,1.691,1.678,1.678,141.23044812,3
1621173480,1.696,1.696,1.696,1.696,92.75400943,1
1621174140,1.678,1.678,1.678,1.678,16.082202,1
1621174380,1.678,1.678,1.678,1.678,7.28016456,1
1621174800,1.697,1.697,1.697,1.697,10.01001376,1
1621175100,1.696,1.696,1.694,1.694,6581.115,6
1621175340,1.677,1.677,1.677,1.677,10.02000298,1
1621175700,1.68,1.68,1.68,1.68,20.92971751,1
1621175820,1.674,1.674,1.674,1.674,19.90704898,1
1621175880,1.668,1.668,1.666,1.666,129.38854845,4
1621176120,1.67,1.67,1.67,1.67,38.74532101,1
1621176240,1.676,1.676,1.676,1.676,16.16234359,1
1621176360,1.676,1.676,1.676,1.676,11.384521,1
1621176480,1.686,1.686,1.686,1.686,5.65858754,1
1621176600,1.68,1.779,1.68,1.694,2538.82662589,11
1621176840,1.677,1.677,1.677,1.677,10.02000298,1
1621176960,1.666,1.666,1.666,1.666,2693.73697067,5
1621177380,1.675,1.675,1.675,1.675,8.96,1
1621177620,1.661,1.661,1.66,1.66,1425.29393774,2
1621177680,1.657,1.657,1.656,1.656,3029.03023536,2
1621177740,1.656,1.656,1.656,1.656,3E+3,2
1621178160,1.676,1.676,1.656,1.656,3.1E+3,3
1621178280,1.657,1.657,1.656,1.656,3E+3,3
1621178340,1.657,1.657,1.656,1.656,3E+3,2
1621178400,1.676,1.676,1.676,1.676,1E+2,1
1621178460,1.657,1.657,1.627,1.647,7703.22969346,7
1621178520,1.647,1.648,1.627,1.629,8676.36572775,9
1621178940,1.633,1.633,1.629,1.63,1227.29297233,6
1621179000,1.629,1.629,1.629,1.629,366.71644683,1
1621179120,1.629,1.629,1.629,1.629,2339.57258651,2
1621179180,1.627,1.627,1.627,1.627,153.46834235,1
1621179300,1.636,1.636,1.636,1.636,152.90516679,1
1621179420,1.636,1.636,1.636,1.636,152.81167476,1
1621179540,1.635,1.635,1.635,1.635,84.54238532,1
1621179600,1.627,1.627,1.627,1.627,699.76302794,1
1621179660,1.627,1.627,1.627,1.627,153.65697597,1
1621179780,1.627,1.627,1.625,1.626,2054.97986839,3
1621179900,1.625,1.627,1.623,1.627,1301.11512846,3
1621180020,1.631,1.631,1.625,1.625,196.12462015,2
1621180140,1.628,1.628,1.628,1.628,94.88272056,1
1621180260,1.625,1.625,1.625,1.625,98.18366059,1
1621180380,1.62,1.62,1.62,1.62,18.19436721,1
1621180500,1.623,1.623,1.623,1.623,9.09714398,1
1621180800,1.612,1.612,1.611,1.611,30.02001551,2
1621180860,1.608,1.608,1.608,1.608,18.6989871,1
1621181160,1.621,1.621,1.621,1.621,154.03573629,1
1621181280,1.62,1.62,1.62,1.62,154.03573629,1
1621181340,1.624,1.624,1.623,1.623,5336.43639,2
1621181400,1.631,1.631,1.631,1.631,63.97742,2
1621181760,1.633,1.633,1.633,1.633,52.429758,1
1621181820,1.638,1.638,1.638,1.638,581.58943832,1
1621181880,1.634,1.634,1.634,1.634,26.180594,1
1621182120,1.636,1.636,1.636,1.636,6.565252,1
1621182240,1.635,1.635,1.635,1.635,70.02942723,1
1621182720,1.635,1.635,1.616,1.616,565.17470418,4
1621183020,1.611,1.611,1.611,1.611,10.02001551,1
1621183200,1.604,1.605,1.604,1.605,519.35851158,3
1621183260,1.605,1.605,1.605,1.605,12.92093457,1
1621183380,1.6,1.6,1.6,1.6,786.80310641,4
1621183560,1.6,1.6,1.6,1.6,156.44555694,1
1621183620,1.614,1.614,1.614,1.614,11.7297,1
1621183740,1.598,1.598,1.598,1.598,8.72587919,1
1621183800,1.603,1.603,1.603,1.603,156.25,1
1621183920,1.602,1.602,1.602,1.602,155.95757953,1
1621184040,1.607,1.607,1.607,1.607,155.76323987,1
1621184100,1.61,1.61,1.61,1.61,347.39932,1
1621184160,1.605,1.605,1.605,1.605,155.2795031,1
1621184280,1.61,1.612,1.607,1.607,96.58133851,3
1621184400,1.604,1.614,1.603,1.606,725.273827,4
1621185000,1.603,1.603,1.603,1.603,18.823493,1
1621185060,1.605,1.605,1.605,1.605,47.23665,1
1621185120,1.599,1.599,1.599,1.599,18.823483,3
1621185300,1.603,1.603,1.601,1.601,501.81726,5
1621185360,1.601,1.601,1.601,1.601,9.37,1
1621185420,1.596,1.596,1.596,1.596,93.64158144,1
1621185480,1.595,1.595,1.589,1.589,353.60607613,2
1621185540,1.586,1.586,1.586,1.586,76.27765,1
1621185720,1.603,1.603,1.603,1.603,86.32545227,1
1621186020,1.604,1.604,1.604,1.604,9.37,4
1621186380,1.592,1.592,1.592,1.592,2.65275,1
1621187100,1.607,1.607,1.607,1.607,3E+3,1
1621187160,1.609,1.61,1.608,1.61,105.46781747,3
1621188000,1.607,1.607,1.607,1.607,15.20901,1
1621188360,1.614,1.614,1.614,1.614,10.01,1
1621188420,1.617,1.617,1.617,1.617,2E+2,1
1621188720,1.606,1.606,1.606,1.606,78.91108344,1
1621189200,1.603,1.603,1.603,1.603,30.73055,1
1621189380,1.595,1.595,1.595,1.595,10.02002821,1
1621189620,1.59,1.59,1.586,1.586,852.57979322,2
1621189680,1.582,1.582,1.581,1.581,2230.49458627,2
1621189800,1.58,1.58,1.579,1.579,17.67701116,2
1621189980,1.566,1.566,1.563,1.563,50.04001255,3
1621190100,1.582,1.582,1.582,1.582,10.01,1
1621191180,1.562,1.562,1.562,1.562,10.0200032,1
1621191240,1.562,1.562,1.562,1.562,10.0200032,1
1621191360,1.553,1.553,1.553,1.553,384.10505836,1
1621191600,1.548,1.548,1.544,1.544,358.96485294,4
1621192080,1.545,1.545,1.545,1.545,495.43346278,1
1621192200,1.542,1.542,1.542,1.542,9.15337224,1
1621192740,1.532,1.532,1.532,1.532,10.02000326,1
1621193100,1.542,1.542,1.542,1.542,3589.93271002,2
1621193160,1.542,1.542,1.542,1.542,3589.93271001,5
1621193280,1.549,1.549,1.549,1.549,58.076798,1
1621193400,1.55,1.55,1.55,1.55,22095.01,11
1621193520,1.556,1.556,1.556,1.556,3096.49900684,3
1621194180,1.533,1.533,1.532,1.532,19.13937542,2
1621194300,1.523,1.523,1.523,1.523,163.18537859,1
1621194540,1.526,1.526,1.526,1.526,164.14970453,1
1621194660,1.517,1.517,1.517,1.517,10.02000329,1
1621194840,1.511,1.511,1.502,1.502,799.71603976,4
1621194900,1.5,1.5,1.5,1.5,138.33333333,2
1621194960,1.52,1.52,1.52,1.52,10.01,1
1621195020,1.525,1.526,1.525,1.526,649.95020515,6
1621195200,1.535,1.535,1.535,1.535,10.01,1
1621195260,1.542,1.542,1.542,1.542,72.48682901,1
1621195380,1.54,1.54,1.54,1.54,44.97993506,2
1621195560,1.533,1.533,1.533,1.533,248.3405109,1
1621195620,1.533,1.533,1.533,1.533,9.30697,1
1621195680,1.542,1.542,1.542,1.542,2002.61206224,2
1621195740,1.545,1.545,1.545,1.545,77.5787055,1
1621196160,1.549,1.549,1.545,1.545,198.32307336,3
1621196520,1.55,1.55,1.55,1.55,10.01,1
1621196640,1.534,1.534,1.534,1.534,79.89445893,1
1621196700,1.537,1.537,1.537,1.537,325,2
1621196760,1.532,1.532,1.527,1.527,35.18349683,4
1621196880,1.517,1.517,1.517,1.517,10.02000329,1
1621197120,1.535,1.535,1.535,1.535,10.01,1
1621197300,1.541,1.541,1.541,1.541,72.28637249,1
1621197540,1.517,1.517,1.517,1.517,8.159983,3
1621197900,1.517,1.517,1.517,1.517,1.86002029,1
1621197960,1.502,1.502,1.497,1.497,168.78138415,3
1621198080,1.491,1.491,1.491,1.491,295,1
1621198140,1.492,1.492,1.492,1.492,166.32307,3
1621198200,1.487,1.487,1.485,1.485,1689.26000336,2
1621198260,1.484,1.484,1.484,1.484,1680.84,1
1621198500,1.505,1.505,1.505,1.505,5.84644518,1
1621198740,1.483,1.483,1.483,1.483,1682.7,1
1621199100,1.505,1.505,1.505,1.505,4.16355811,1
1621199160,1.501,1.501,1.501,1.501,495.43346278,1
1621199580,1.501,1.501,1.501,1.501,8.770842,3
1621199760,1.494,1.494,1.493,1.493,136.84887744,2
1621199940,1.489,1.489,1.489,1.489,101.19435862,1
1621200000,1.487,1.487,1.479,1.479,30.02000336,2
1621200300,1.493,1.493,1.493,1.493,5E+1,1
1621200540,1.5,1.5,1.5,1.5,51.85377,1
1621200600,1.493,1.493,1.493,1.493,16.97923643,1
1621200780,1.486,1.486,1.486,1.486,34.26394418,1
1621200900,1.498,1.505,1.498,1.505,21.380958,2
1621200960,1.516,1.516,1.516,1.516,80.62990598,1
1621201080,1.51,1.51,1.51,1.51,28.0007,1
1621201140,1.516,1.516,1.516,1.516,8.573962,3
1621201260,1.521,1.521,1.521,1.521,10.01,1
1621202580,1.536,1.536,1.536,1.536,10.01,1
1621203000,1.55,1.55,1.55,1.55,10.01,1
1621204020,1.564,1.564,1.564,1.564,56.17786369,1
1621204080,1.564,1.564,1.564,1.564,343.82213631,1
1621205220,1.56,1.56,1.56,1.56,207.88177,1
1621206840,1.559,1.559,1.559,1.559,87.45869146,1
1621207020,1.566,1.566,1.566,1.566,10.01,1
1621207380,1.572,1.572,1.572,1.572,17.62010178,1
1621207680,1.577,1.577,1.577,1.577,8E+1,1
1621208520,1.565,1.565,1.565,1.565,26.59629392,1
1621209480,1.579,1.579,1.579,1.579,21.41228625,1
1621209600,1.564,1.564,1.558,1.558,185.26903617,4
1621210260,1.563,1.563,1.563,1.563,5.5,1
1621210500,1.555,1.555,1.555,1.555,40.566995,1
1621210560,1.557,1.557,1.557,1.557,3E+2,1
1621211940,1.563,1.563,1.563,1.563,11.271806,1
1621212780,1.55,1.55,1.547,1.547,25.02000323,2
1621212900,1.533,1.533,1.532,1.532,19.13937542,2
1621213440,1.517,1.517,1.517,1.517,9.11937216,1
1621213560,1.517,1.517,1.505,1.505,10.16661699,2
1621213980,1.506,1.506,1.506,1.506,9.26598586,1
1621214100,1.503,1.503,1.503,1.503,9.27521319,1
1621214280,1.502,1.502,1.493,1.493,28.7114552,3
1621216200,1.502,1.502,1.502,1.502,10.02000332,1
1621218600,1.494,1.494,1.494,1.494,9.34107489,1
1621218780,1.487,1.487,1.487,1.487,110.8942468,2
1621218960,1.487,1.487,1.487,1.487,110.8942468,1
1621220220,1.477,1.477,1.475,1.475,2690.25490544,3
1621221060,1.472,1.472,1.472,1.472,10.02000339,1
1621221120,1.47,1.47,1.47,1.47,174.230394,1
1621221660,1.458,1.458,1.45,1.45,361.66279486,3
1621221780,1.443,1.443,1.442,1.442,15.02000346,2
1621222020,1.444,1.444,1.444,1.444,100.08206371,1
1621222200,1.44,1.44,1.44,1.44,27.77618055,1
1621222380,1.428,1.428,1.428,1.428,10.02005952,1
1621222440,1.443,1.443,1.443,1.443,28.17648644,1
1621222500,1.445,1.445,1.445,1.445,10.01000329,1
1621222860,1.451,1.451,1.451,1.451,28.22432804,1
1621223280,1.428,1.428,1.428,1.428,10.02005952,1
1621223340,1.429,1.429,1.429,1.429,28.27700812,1
1621223460,1.427,1.427,1.427,1.427,14.05771065,1
1621223520,1.431,1.431,1.431,1.431,42.36929262,2
1621223580,1.428,1.428,1.428,1.428,7.161353,1
1621223700,1.418,1.418,1.418,1.418,7.133073,1
1621223880,1.427,1.427,1.427,1.427,28.41723896,1
1621224240,1.415,1.415,1.414,1.414,180.9602169,2
1621224300,1.408,1.408,1.408,1.408,9.09979771,1
1621224360,1.401,1.401,1.395,1.395,1094.87694803,3
1621224540,1.413,1.417,1.413,1.417,3010.01,2
1621224780,1.431,1.431,1.431,1.431,10.01,1
1621225440,1.445,1.445,1.445,1.445,10.01,1
1621227480,1.457,1.46,1.457,1.46,20.03000343,2
1621230060,1.448,1.448,1.448,1.448,24.89323,1
1621230420,1.444,1.444,1.444,1.444,34.60207612,1
1621230480,1.442,1.442,1.442,1.442,10.02000346,1
1621231020,1.459,1.459,1.459,1.459,10.01,1
1621231140,1.476,1.476,1.476,1.476,10.01,1
1621231260,1.491,1.491,1.491,1.491,10.01,1
1621231620,1.506,1.506,1.506,1.506,10.01,1
1621232340,1.51,1.51,1.509,1.509,689.97400996,2
1621233720,1.507,1.507,1.507,1.507,200.10001962,2
1621233840,1.504,1.504,1.504,1.504,1E+1,1
1621234200,1.504,1.504,1.504,1.504,6.55067,1
1621234380,1.494,1.494,1.494,1.494,33.92875446,1
1621234920,1.512,1.512,1.512,1.512,6.249988,1
1621235040,1.508,1.508,1.508,1.508,6.24171083,1
1621235820,1.517,1.517,1.517,1.517,50.00860946,1
1621236600,1.521,1.521,1.521,1.521,10.01,1
1621237860,1.529,1.529,1.529,1.529,5E+1,1
1621238280,1.536,1.536,1.536,1.536,10.01,1
1621238340,1.525,1.525,1.525,1.525,261.34559,4
1621239840,1.539,1.539,1.539,1.539,7E+2,1
1621240440,1.546,1.546,1.546,1.546,3.45,1
1621241040,1.534,1.534,1.534,1.534,8.73735332,1
1621242240,1.523,1.523,1.523,1.523,9.15558889,1
1621243140,1.519,1.519,1.519,1.519,257.72567477,1
1621244820,1.547,1.552,1.547,1.552,124.68633303,3
1621245060,1.552,1.552,1.552,1.552,25.8861469,1
1621245660,1.551,1.551,1.551,1.551,56.98168923,1
1621245720,1.551,1.551,1.551,1.551,23.11927788,1
1621246740,1.536,1.536,1.536,1.536,9.08344083,1
1621247040,1.532,1.532,1.531,1.531,19.13938848,2
1621248060,1.55,1.55,1.55,1.55,10.01,1
1621248360,1.549,1.549,1.549,1.549,95.09861,1
1621248780,1.536,1.536,1.536,1.536,9.08344083,1
1621249020,1.531,1.531,1.519,1.519,146.82362074,3
1621249080,1.524,1.524,1.524,1.524,75.1182887,1
1621249380,1.521,1.521,1.521,1.521,5E+1,1
1621249740,1.531,1.531,1.531,1.531,100.18229915,1
1621250220,1.55,1.55,1.55,1.55,10.01,1
1621252980,1.563,1.563,1.563,1.563,10.01,1
1621253040,1.572,1.572,1.572,1.572,1E+1,1
1621253100,1.572,1.572,1.572,1.572,0.01,1
1621253580,1.56,1.56,1.56,1.56,5E+1,1
1621253700,1.559,1.559,1.559,1.559,7E+1,1
1621255140,1.536,1.536,1.535,1.535,333.54251522,2
1621255260,1.534,1.534,1.534,1.534,10.02000394,1
1621256820,1.534,1.534,1.534,1.534,19.71,1
1621257120,1.532,1.532,1.531,1.531,48.98202676,2
1621257180,1.525,1.525,1.525,1.525,2.56312,1
1621257780,1.516,1.516,1.516,1.516,10.02001649,1
1621258080,1.509,1.509,1.509,1.509,17.08945,1
1621258140,1.507,1.507,1.507,1.507,9.26598586,1
1621259340,1.518,1.518,1.518,1.518,200.74743083,1
1621260420,1.507,1.507,1.507,1.507,9.26598586,1
1621260600,1.504,1.504,1.504,1.504,230.20831117,1
1621260660,1.501,1.501,1.501,1.501,10.02001665,1
1621260780,1.494,1.494,1.494,1.494,9.34107489,1
1621260840,1.487,1.487,1.487,1.487,19.39911421,1
1621261080,1.486,1.486,1.486,1.486,10.02001682,1
1621261980,1.49,1.49,1.49,1.49,521.90959731,1
1621262700,1.496,1.496,1.496,1.496,13.18022,1
1621262760,1.5,1.5,1.5,1.5,10.02001665,1
1621263720,1.497,1.497,1.497,1.497,149.99999999,1
1621265760,1.471,1.471,1.471,1.471,10.02001699,1
1621266180,1.473,1.473,1.473,1.473,33.51094,1
1621267260,1.459,1.459,1.459,1.459,5E+1,5
1621267320,1.47,1.47,1.47,1.47,3E+3,2
1621267500,1.486,1.486,1.486,1.486,49.72518,1
1621267740,1.475,1.475,1.475,1.475,33.39734,1
1621267860,1.456,1.456,1.456,1.456,10.02001717,1
1621268460,1.465,1.465,1.465,1.465,3E+3,3
1621268580,1.474,1.474,1.474,1.474,10.01,1
1621269000,1.482,1.482,1.482,1.482,534.0868342,1
1621269060,1.483,1.483,1.479,1.479,1052.82318084,4
1621269300,1.463,1.463,1.463,1.463,10.02002072,1
1621269360,1.46,1.46,1.459,1.459,189.70350377,2
1621269840,1.456,1.456,1.456,1.456,10.02001717,1
1621269960,1.457,1.457,1.457,1.457,170.88174982,1
1621270200,1.448,1.448,1.448,1.448,15.08801,1
1621270620,1.442,1.442,1.442,1.442,10.02000346,1
1621271760,1.435,1.435,1.435,1.435,11.55007,1
1621271820,1.43,1.43,1.43,1.43,41.93685314,1
1621272300,1.428,1.428,1.428,1.428,10.02005952,1
1621273140,1.441,1.441,1.441,1.441,1022.35697432,1
1621274460,1.42,1.42,1.408,1.408,1792.41008442,3
1621274700,1.431,1.431,1.431,1.431,10.01,1
1621274820,1.444,1.445,1.444,1.445,1240.81350713,2
1621274940,1.442,1.442,1.442,1.442,34.6740638,1
1621275600,1.441,1.441,1.441,1.441,5E+1,1
1621276800,1.46,1.467,1.46,1.467,347.41468,2
1621277340,1.474,1.474,1.474,1.474,10.01,1
1621278480,1.489,1.489,1.489,1.489,10.01,1
1621278660,1.489,1.489,1.489,1.489,99.99999999,1
1621279140,1.502,1.504,1.502,1.504,44.6840638,5
1621279440,1.506,1.506,1.506,1.506,33.75491,1
1621280400,1.501,1.501,1.501,1.501,2999.99999999,2
1621281000,1.519,1.519,1.519,1.519,10.01,1
1621284240,1.534,1.534,1.534,1.534,10.01,1
1621284420,1.534,1.534,1.534,1.534,9.77835723,1
1621284540,1.529,1.529,1.529,1.529,23.61832,1
1621284900,1.535,1.535,1.535,1.535,13,1
1621285260,1.523,1.523,1.523,1.523,1467.281874,5
1621287780,1.51,1.51,1.51,1.51,13.63039735,1
1621287900,1.502,1.502,1.501,1.501,11.5312661,2
1621287960,1.501,1.501,1.5,1.5,18.50877069,2
1621288860,1.5,1.5,1.5,1.5,18.50877069,1
1621290000,1.486,1.486,1.486,1.486,10.02001682,1
1621290660,1.473,1.473,1.473,1.473,1E+1,1
1621291140,1.471,1.471,1.464,1.464,64.71034749,4
1621291500,1.474,1.474,1.474,1.474,3.35109,1
1621292040,1.463,1.463,1.463,1.463,59.59002,1
1621292640,1.458,1.458,1.458,1.458,35,1
1621292940,1.456,1.456,1.456,1.456,10.02001717,1
1621293000,1.445,1.445,1.445,1.445,10.02007124,1
1621294680,1.474,1.474,1.474,1.474,10.01001665,1
1621295640,1.478,1.478,1.478,1.478,1.4E+3,1
1621296480,1.49,1.491,1.49,1.491,29.82451387,3
1621296720,1.485,1.485,1.485,1.485,9.41739086,1
1621296780,1.476,1.476,1.476,1.476,10.0200041,1
1621298100,1.501,1.502,1.501,1.502,134.1381623,2
1621298640,1.497,1.497,1.497,1.497,84,1
1621298940,1.496,1.496,1.496,1.496,84,4
1621300140,1.505,1.505,1.505,1.505,10.01,1
1621300380,1.508,1.508,1.508,1.508,1.30492,1
1621301160,1.504,1.504,1.503,1.503,465.74848265,3
1621301340,1.519,1.519,1.519,1.519,32.42994,1
1621302300,1.518,1.525,1.518,1.525,24.06705,3
1621303800,1.529,1.529,1.529,1.529,5.93452,1
1621304880,1.525,1.525,1.525,1.525,1E+2,1
1621306920,1.54,1.54,1.54,1.54,9E+2,1
1621307640,1.532,1.533,1.532,1.533,4E+3,2
1621310760,1.543,1.544,1.543,1.544,1261.63118198,2
1621311240,1.544,1.545,1.544,1.545,21.05267414,3
1621313940,1.576,1.576,1.576,1.576,10.01,1
1621314000,1.581,1.582,1.581,1.582,10.02005335,2
1621314120,1.577,1.577,1.577,1.577,10.02000317,1
1621316520,1.573,1.573,1.573,1.573,19.57646204,1
1621317720,1.581,1.581,1.581,1.581,5E+1,1
1621317960,1.58,1.58,1.58,1.58,78.91108344,4
1621318080,1.587,1.587,1.587,1.587,18.89086325,1
1621318440,1.596,1.596,1.596,1.596,10.01,1
1621318740,1.6,1.6,1.6,1.6,274.48776078,1
1621318980,1.595,1.595,1.595,1.595,1E+2,1
1621320660,1.572,1.572,1.572,1.572,8.90794931,1
1621320720,1.571,1.571,1.571,1.571,19.04353915,1
1621320780,1.568,1.568,1.568,1.568,49.97652932,1
1621322340,1.572,1.572,1.572,1.572,4.75181,1
1621322700,1.588,1.588,1.588,1.588,5E+1,1
1621322760,1.579,1.579,1.579,1.579,377.83375314,1
1621323480,1.589,1.589,1.589,1.589,186.00786,1
1621323900,1.576,1.601,1.576,1.601,3169.89,2
1621323960,1.601,1.71,1.601,1.71,3166.15,9
1621324020,1.578,1.581,1.577,1.578,55.43433395,5
1621324440,1.58,1.58,1.577,1.577,49.21622467,2
1621325640,1.594,1.594,1.594,1.594,8.789575,1
1621325880,1.596,1.596,1.596,1.596,10.01000317,1
1621326420,1.598,1.598,1.598,1.598,1010.89334417,1
1621326540,1.599,1.599,1.599,1.599,10.01,1
1621326720,1.603,1.603,1.603,1.603,10.48350928,1
1621327140,1.593,1.593,1.593,1.593,10.02005335,1
1621327320,1.593,1.593,1.593,1.593,142.30332,1
1621327920,1.596,1.596,1.596,1.596,221.875,1
1621328460,1.598,1.598,1.598,1.598,23.61833,1
1621330020,1.607,1.607,1.607,1.607,728.30353076,3
1621330140,1.612,1.612,1.612,1.612,5.88883374,1
1621330440,1.606,1.612,1.606,1.612,38.72324238,5
1621330980,1.618,1.618,1.618,1.618,2E+1,1
1621331040,1.619,1.619,1.619,1.619,10.48350928,3
1621331460,1.63,1.63,1.63,1.63,70.1186503,2
1621331580,1.641,1.641,1.638,1.638,382.22921862,5
1621331640,1.642,1.642,1.642,1.642,10.01,1
1621331820,1.648,1.648,1.648,1.648,365.40803897,1
1621331880,1.639,1.639,1.639,1.639,2649.8973665,1
1621332000,1.642,1.648,1.642,1.648,1887.04083735,2
1621332120,1.649,1.662,1.649,1.662,1818.89105566,2
1621332300,1.664,1.664,1.664,1.664,5,1
1621332420,1.641,1.641,1.64,1.64,81.69035768,2
1621332480,1.638,1.638,1.638,1.638,744.50518925,1
1621332540,1.634,1.634,1.634,1.634,8.58933413,1
1621332600,1.626,1.626,1.625,1.625,18.64148349,2
1621332660,1.621,1.621,1.621,1.621,36.41274,3
1621332780,1.633,1.633,1.633,1.633,22.4381125,1
1621333020,1.644,1.644,1.644,1.644,8.6214558,1
1621333080,1.645,1.645,1.645,1.645,10.01,1
1621334220,1.67,1.67,1.67,1.67,10.01,1
1621334340,1.666,1.666,1.666,1.666,292,1
1621334460,1.659,1.659,1.659,1.659,22.91904761,1
1621334940,1.657,1.657,1.657,1.657,10.02000301,1
1621335540,1.659,1.659,1.659,1.659,37.02182037,1
1621336020,1.676,1.676,1.676,1.676,470.27287,1
1621336140,1.675,1.675,1.675,1.675,595.59261,1
1621337340,1.677,1.677,1.677,1.677,97.69771616,2
1621338240,1.69,1.69,1.69,1.69,175.72324,1
1621338300,1.681,1.681,1.679,1.679,2176.53354655,4
1621338360,1.678,1.678,1.678,1.678,8.36382598,1
1621338480,1.679,1.679,1.679,1.679,59.59002,1
1621338840,1.685,1.685,1.685,1.685,94.5325816,1
1621338960,1.684,1.684,1.684,1.684,97,1
1621339380,1.658,1.658,1.657,1.657,18.4707995,2
1621339500,1.651,1.655,1.651,1.655,13.48813432,2
1621339680,1.658,1.658,1.658,1.658,9.87394969,1
1621339920,1.651,1.651,1.651,1.651,10.02000368,1
1621339980,1.673,1.673,1.656,1.656,21.27987758,2
1621340400,1.677,1.677,1.677,1.677,10.01,1
1621340760,1.66,1.66,1.66,1.66,8.45079649,1
1621340940,1.662,1.745,1.649,1.649,5010.02000301,6
1621341000,1.659,1.659,1.659,1.659,1E+1,1
1621341480,1.643,1.643,1.643,1.643,94.44444,1
1621341540,1.641,1.641,1.641,1.641,10.02001523,1
1621341660,1.633,1.633,1.633,1.633,12.35285,1
1621341720,1.637,1.637,1.637,1.637,364.82338,3
1621342020,1.633,1.633,1.628,1.628,2697.68051995,2
1621342380,1.625,1.625,1.615,1.615,18.78989751,2
1621342440,1.614,1.614,1.614,1.614,2524.49824257,1
1621342620,1.616,1.616,1.616,1.616,6.266503,2
1621343640,1.609,1.609,1.609,1.609,10.02004039,1
1621344000,1.593,1.593,1.593,1.593,10.02005335,1
1621344600,1.605,1.605,1.605,1.605,1E+1,4
1621345080,1.612,1.612,1.612,1.612,10.01,1
1621345260,1.628,1.645,1.628,1.645,20.02,2
1621345920,1.609,1.609,1.609,1.609,10.02004039,1
1621346040,1.617,1.628,1.617,1.628,3522.78066982,3
1621346460,1.609,1.609,1.599,1.599,40.02004039,3
1621346580,1.593,1.593,1.59,1.59,1281.67367086,2
1621346700,1.577,1.577,1.577,1.577,10.02000317,1
1621346880,1.59,1.59,1.59,1.59,486.82349934,1
1621348200,1.596,1.634,1.583,1.583,172.20366282,6
1621348260,1.58,1.644,1.58,1.585,524.55557408,6
1621348320,1.578,1.578,1.577,1.577,639.34662368,2
1621348380,1.568,1.568,1.568,1.568,22.02347068,1
1621348500,1.561,1.561,1.561,1.561,10.02001601,1
1621348920,1.568,1.568,1.568,1.568,629.32662051,2
1621349400,1.558,1.558,1.558,1.558,347.39932,1
1621349460,1.559,1.559,1.559,1.559,48.107634,1
1621349580,1.556,1.556,1.555,1.555,3039.994748,2
1621349640,1.56,1.56,1.56,1.56,3199.67,1
1621349940,1.573,1.573,1.573,1.573,9.8907022,1
1621350000,1.579,1.579,1.579,1.579,49.94786,1
1621350300,1.58,1.58,1.58,1.58,10.01,1
1621350420,1.596,1.596,1.596,1.596,10.01,1
1621350660,1.606,1.606,1.606,1.606,10.01,1
1621350780,1.609,1.609,1.609,1.609,10.02004039,1
1621350840,1.628,1.628,1.628,1.628,10.01,1
1621352280,1.648,1.648,1.648,1.648,7.30703883,1
1621352340,1.642,1.642,1.642,1.642,2961.92639136,2
1621352400,1.641,1.641,1.641,1.641,1178.99568772,2
1621352520,1.636,1.636,1.635,1.635,2579.13069682,2
1621352820,1.646,1.646,1.646,1.646,30.60315917,1
1621352940,1.647,1.647,1.647,1.647,24.70613236,2
1621353720,1.648,1.648,1.648,1.648,2.70296117,1
1621353780,1.65,1.65,1.65,1.65,10.01,1
1621353960,1.679,1.679,1.679,1.679,10.01,1
1621354020,1.708,1.708,1.708,1.708,10.02004976,1
1621354080,1.691,1.691,1.691,1.691,10.02001478,1
1621354200,1.674,1.674,1.659,1.659,376.99003881,6
1621354260,1.657,1.657,1.657,1.657,10.02000301,1
1621354380,1.649,1.651,1.649,1.651,3135.15462994,2
1621354560,1.677,1.677,1.677,1.677,10.01,1
1621354620,1.677,1.677,1.672,1.672,6120.92996914,8
1621354680,1.666,1.666,1.666,1.666,284.26092436,2
1621354800,1.672,1.674,1.672,1.674,1589.83382403,5
1621354980,1.664,1.664,1.641,1.641,79.07066824,3
1621355040,1.64,1.64,1.64,1.64,1519.46,1
1621355160,1.625,1.625,1.625,1.625,10.02002769,1
1621355340,1.615,1.615,1.607,1.607,2691.23089348,4
1621355460,1.608,1.608,1.604,1.604,5687.94300397,3
1621355640,1.599,1.599,1.599,1.599,3242.64791998,2
1621355820,1.605,1.605,1.582,1.582,8568.62437756,9
1621355880,1.588,1.588,1.588,1.588,140.02005335,1
1621356540,1.607,1.607,1.607,1.607,392.43067565,1
1621356600,1.607,1.607,1.607,1.607,1.5E+2,1
1621356660,1.612,1.626,1.612,1.626,1115.57400119,3
1621357260,1.617,1.617,1.617,1.617,3E+3,1
1621357380,1.615,1.615,1.615,1.615,2682.2118436,1
1621357680,1.618,1.618,1.618,1.618,30.04029666,1
1621358340,1.605,1.605,1.604,1.604,1852.99,2
1621358400,1.6,1.6,1.593,1.599,3666.71004341,5
1621358820,1.615,1.615,1.615,1.615,32.6226,1
1621359000,1.616,1.616,1.616,1.616,3E+3,1
1621359840,1.613,1.613,1.613,1.613,48,4
1621360620,1.606,1.606,1.606,1.606,766.82882,1
1621360800,1.593,1.593,1.593,1.593,7.27655335,1
1621360920,1.578,1.578,1.575,1.575,535.20166316,4
1621361280,1.564,1.564,1.561,1.561,9.99E+3,6
1621361880,1.566,1.566,1.566,1.566,47.77,1
1621361940,1.57,1.57,1.57,1.57,233.26566878,1
1621362120,1.567,1.567,1.567,1.567,3186.51,1
1621362180,1.57,1.57,1.57,1.57,3E+1,1
1621362720,1.58,1.582,1.58,1.582,1.9E+2,2
1621362840,1.58,1.58,1.58,1.58,778.95451,1
1621363020,1.56,1.56,1.56,1.56,10.02002884,1
1621363380,1.57,1.571,1.57,1.571,804.25513978,2
1621363560,1.566,1.571,1.566,1.571,3213.95277025,7
1621363800,1.562,1.562,1.562,1.562,8.97732586,1
1621363980,1.557,1.557,1.557,1.557,5.64273,1
1621364220,1.566,1.566,1.566,1.566,3187.43,1
1621364400,1.579,1.579,1.579,1.579,10.01,1
1621365120,1.567,1.567,1.567,1.567,44.74256541,2
1621365480,1.572,1.572,1.572,1.572,2E+1,1
1621367880,1.596,1.596,1.596,1.596,33.89129071,1
1621368180,1.597,1.597,1.597,1.597,10.01,1
1621368420,1.595,1.595,1.595,1.595,6.30146735,1
1621369500,1.613,1.613,1.613,1.613,10.01,1
1621369800,1.619,1.619,1.619,1.619,15,1
1621370400,1.625,1.625,1.625,1.625,108.42627013,2
1621370640,1.626,1.628,1.626,1.628,3213.01,4
1621370700,1.628,1.628,1.628,1.628,3E+3,1
1621370760,1.633,1.633,1.633,1.633,3057.89,1
1621370880,1.623,1.623,1.623,1.623,17.25149709,2
1621370940,1.617,1.617,1.617,1.617,2621.97263961,2
1621371240,1.614,1.616,1.614,1.616,3248.12467162,2
1621371300,1.617,1.617,1.617,1.617,10.37334923,3
1621371360,1.626,1.626,1.626,1.626,154.70297029,1
1621371480,1.625,1.625,1.625,1.625,153.75153751,1
1621371600,1.626,1.626,1.626,1.626,153.84615384,1
1621371720,1.625,1.625,1.625,1.625,153.75153751,1
1621371840,1.625,1.625,1.625,1.625,153.84615384,1
1621371960,1.625,1.625,1.625,1.625,153.84615384,1
1621372080,1.634,1.634,1.634,1.634,116.311054,1
1621372140,1.642,1.642,1.642,1.642,201.46169305,1
1621372200,1.644,1.644,1.644,1.644,10.01,1
1621372740,1.638,1.638,1.628,1.628,3310.58933413,3
1621372800,1.632,1.632,1.632,1.632,3.30821,1
1621372860,1.63,1.63,1.624,1.624,410.02004002,4
1621373580,1.629,1.629,1.629,1.629,200.06789441,1
1621373760,1.637,1.637,1.637,1.637,120.59016,1
1621373820,1.63,1.63,1.63,1.63,29.48141947,1
1621374420,1.616,1.616,1.616,1.616,310.66032037,2
1621374480,1.612,1.612,1.612,1.612,3110.86499492,2
1621375200,1.642,1.644,1.642,1.644,3119.46353133,5
1621375500,1.631,1.631,1.631,1.631,217.01046339,1
1621375620,1.624,1.624,1.619,1.619,18.68036039,2
1621376220,1.641,1.642,1.641,1.642,8.9E+2,3
1621376460,1.644,1.644,1.644,1.644,10.01,1
1621378200,1.639,1.639,1.636,1.636,21.27244577,4
1621378440,1.633,1.633,1.626,1.626,886.02051993,3
1621378500,1.624,1.624,1.613,1.613,41.33745059,2
1621378920,1.608,1.608,1.608,1.608,10.02005286,1
1621381620,1.601,1.601,1.601,1.601,128.61525072,1
1621382100,1.608,1.608,1.608,1.608,10.48131807,1
1621382400,1.605,1.605,1.605,1.605,3110.17,1
1621382760,1.608,1.608,1.608,1.608,3013,3
1621383000,1.618,1.618,1.618,1.618,3085.14,1
1621383840,1.627,1.627,1.627,1.627,10.01,1
1621384380,1.625,1.625,1.625,1.625,10.48131807,3
1621386180,1.619,1.619,1.619,1.619,12.38981,1
1621386600,1.607,1.607,1.607,1.607,8.72587919,1
1621386840,1.599,1.599,1.599,1.599,8.76569309,1
1621386960,1.592,1.592,1.592,1.592,17.6070623,2
1621387020,1.581,1.581,1.573,1.573,26.6415096,3
1621387260,1.551,1.551,1.551,1.551,3E+3,1
1621387380,1.538,1.538,1.538,1.538,3E+3,1
1621387740,1.536,1.536,1.535,1.535,3E+3,2
1621387980,1.532,1.532,1.532,1.532,1358.97489099,1
1621388100,1.531,1.531,1.527,1.527,347.0951175,3
1621388160,1.517,1.517,1.517,1.517,61.46521655,2
1621388460,1.512,1.512,1.512,1.512,138,1
1621388820,1.507,1.507,1.506,1.506,18.16719886,2
1621388880,1.5,1.5,1.496,1.496,773.45248489,6
1621389480,1.511,1.511,1.511,1.511,3303.71,1
1621389600,1.506,1.506,1.506,1.506,3E+3,1
1621390020,1.522,1.522,1.522,1.522,47.90896236,2
1621390680,1.511,1.511,1.511,1.511,9.26598586,1
1621391280,1.515,1.515,1.515,1.515,110.55121867,1
1621391700,1.506,1.506,1.506,1.506,72.66299113,1
1621392000,1.513,1.513,1.513,1.513,3280.1088517,1
1621392480,1.506,1.506,1.506,1.506,32.7823389,4
1621392600,1.502,1.502,1.502,1.502,3E+3,1
1621392900,1.492,1.492,1.487,1.487,1014.31750574,5
1621393020,1.483,1.483,1.482,1.482,1048,2
1621393440,1.462,1.462,1.452,1.458,2448.72495725,8
1621393680,1.47,1.47,1.47,1.47,143.72743,1
1621393920,1.482,1.482,1.482,1.482,168.57720836,1
1621393980,1.484,1.484,1.484,1.484,1.3E+3,1
1621394040,1.473,1.473,1.473,1.473,168.69095816,1
1621394400,1.477,1.477,1.477,1.477,93.910644,1
1621394520,1.489,1.489,1.489,1.489,19.40850141,1
1621394640,1.485,1.485,1.485,1.485,7.543218,1
1621394760,1.486,1.486,1.486,1.486,7.543119,2
1621395300,1.48,1.48,1.48,1.48,18.92145333,2
1621395900,1.468,1.468,1.468,1.468,86.89085927,1
1621396800,1.459,1.459,1.459,1.459,9.60573867,1
1621397340,1.467,1.467,1.467,1.467,8.31656441,1
1621397760,1.452,1.452,1.452,1.452,99.99999999,1
1621397820,1.446,1.446,1.446,1.446,9.81667,1
1621397880,1.439,1.439,1.439,1.439,62.37288135,2
1621397940,1.439,1.439,1.43,1.43,520.01995216,3
1621398180,1.427,1.427,1.427,1.427,1248.39083584,1
1621398240,1.418,1.419,1.418,1.419,75.906349,2
1621398360,1.401,1.401,1.401,1.401,10.17436689,1
1621398480,1.4,1.4,1.4,1.4,9.974877,3
1621398540,1.4,1.4,1.4,1.4,1204.310833,2
1621398600,1.406,1.408,1.406,1.408,1431.6307777,4
1621398900,1.418,1.418,1.418,1.418,3E+3,1
1621399140,1.399,1.399,1.399,1.399,3324.63687656,1
1621400100,1.364,1.365,1.364,1.365,3324.80649233,2
1621400340,1.386,1.386,1.386,1.386,164.47774,1
1621400460,1.393,1.393,1.393,1.393,11.44298,1
1621400760,1.409,1.409,1.409,1.409,301.99999999,1
1621401360,1.419,1.419,1.407,1.407,1386.81795,2
1621401540,1.407,1.407,1.407,1.407,60.61,4
1621402620,1.41,1.41,1.41,1.41,53.26704545,1
1621403580,1.404,1.404,1.404,1.404,34.79992594,2
1621403760,1.425,1.427,1.425,1.427,1244.75663501,3
1621403820,1.425,1.593,1.419,1.419,807.38963846,4
1621404060,1.43,1.43,1.43,1.43,3E+3,1
1621404360,1.425,1.425,1.425,1.425,2E+1,1
1621405380,1.42,1.42,1.415,1.415,804.22535,3
1621405800,1.422,1.422,1.422,1.422,2E+2,1
1621406100,1.414,1.414,1.414,1.414,3531.41,1
1621406220,1.407,1.407,1.407,1.407,117.80009,1
1621406940,1.407,1.407,1.407,1.407,297,4
1621407480,1.403,1.403,1.403,1.403,200.16535994,1
1621407540,1.409,1.409,1.409,1.409,215.23797019,1
1621407840,1.401,1.401,1.401,1.401,2E+1,1
1621408020,1.39,1.39,1.39,1.39,17.52000439,1
1621408500,1.367,1.367,1.367,1.367,1043.91072609,1
1621409100,1.388,1.388,1.388,1.388,499.99999999,4
1621409820,1.395,1.395,1.395,1.395,3E+3,1
1621409880,1.404,1.404,1.404,1.404,164.49,1
1621409940,1.404,1.404,1.404,1.404,3165.43244876,1
1621410060,1.426,1.426,1.426,1.426,6.37414,1
1621410480,1.431,1.431,1.431,1.431,778.58262239,2
1621410780,1.432,1.432,1.432,1.432,3485.9,1
1621411380,1.417,1.417,1.417,1.417,24.54575772,1
1621411440,1.426,1.426,1.426,1.426,2E+2,1
1621411680,1.416,1.416,1.416,1.416,341.17958,4
1621414260,1.432,1.432,1.432,1.432,34.92,1
1621415160,1.439,1.439,1.439,1.439,1364.94252,1
1621416000,1.437,1.437,1.436,1.436,988.61129862,2
1621416180,1.43,1.43,1.43,1.43,1E+2,1
1621417020,1.407,1.407,1.407,1.407,7.44468729,1
1621417140,1.412,1.412,1.412,1.412,3E+3,1
1621419060,1.388,1.388,1.388,1.388,250.78618259,2
1621419480,1.377,1.377,1.377,1.377,3E+3,1
1621419600,1.374,1.374,1.374,1.374,3622.18381162,1
1621419840,1.375,1.375,1.375,1.375,348.25374544,1
1621419960,1.377,1.377,1.377,1.377,36.974195,1
1621420260,1.367,1.367,1.367,1.367,9.307586,1
1621420320,1.371,1.371,1.371,1.371,3E+3,1
1621420440,1.367,1.367,1.367,1.367,3553.43243288,1
1621420620,1.364,1.364,1.363,1.363,354.44871311,3
1621420680,1.357,1.357,1.357,1.357,34.92000001,4
1621420740,1.355,1.355,1.355,1.355,89,1
1621420860,1.366,1.366,1.366,1.366,15.62796486,1
1621421040,1.361,1.361,1.361,1.361,102.30198383,1
1621421880,1.371,1.371,1.371,1.371,3E+3,1
1621422000,1.367,1.367,1.367,1.367,3525.07750706,1
1621422060,1.361,1.361,1.361,1.361,136.06794283,2
1621422240,1.353,1.353,1.353,1.353,642.53092684,1
1621422540,1.348,1.348,1.348,1.348,14.69383,1
1621422960,1.337,1.337,1.337,1.337,12.63683806,1
1621423140,1.328,1.328,1.328,1.328,527.10843373,3
1621423320,1.31,1.31,1.307,1.307,855.28298185,3
1621423380,1.3,1.3,1.3,1.3,819.23076923,2
1621423500,1.305,1.305,1.305,1.305,35,1
1621423620,1.28,1.341,1.28,1.341,1342.05963802,2
1621423800,1.27,1.277,1.27,1.277,378.66777974,2
1621423860,1.255,1.256,1.25,1.256,1604.33263332,3
1621424100,1.22,1.241,1.22,1.241,1421.89579566,5
1621424160,1.244,1.245,1.244,1.245,63.17213202,3
1621424220,1.252,1.252,1.252,1.252,385.30813496,17
1621424280,1.252,1.252,1.252,1.252,175.4618238,20
1621424340,1.253,1.271,1.253,1.271,6238.97730948,4
1621424460,1.265,1.265,1.265,1.265,42.32086955,4
1621424520,1.265,1.271,1.265,1.271,93.36997485,6
1621424580,1.265,1.265,1.265,1.265,140.63002765,4
1621424640,1.265,1.265,1.265,1.265,15.93248617,2
1621424700,1.256,1.256,1.256,1.256,163.83638535,2
1621424760,1.252,1.252,1.241,1.241,4819.16107909,10
1621425000,1.237,1.242,1.237,1.242,1302.02524708,5
1621425060,1.248,1.249,1.248,1.249,71.62947305,3
1621425120,1.266,1.266,1.266,1.266,6.114085,1
1621425240,1.272,1.272,1.272,1.272,3027.874593,2
1621425360,1.299,1.299,1.299,1.299,80.54699,1
1621425480,1.281,1.281,1.281,1.281,71.573571,1
1621425600,1.281,1.281,1.281,1.281,1947.25,1
1621425720,1.274,1.278,1.274,1.278,3701.70201644,2
1621425780,1.289,1.289,1.289,1.289,25.525848,1
1621425840,1.295,1.295,1.295,1.295,6.844561,1
1621425900,1.316,1.316,1.316,1.316,23.4082397,1
1621425960,1.306,1.306,1.306,1.306,40.599399,4
1621426440,1.302,1.302,1.302,1.302,180.67785326,1
1621426620,1.29,1.29,1.29,1.29,1934.13,1
1621427040,1.279,1.279,1.279,1.279,495.88481385,2
1621427100,1.262,1.262,1.262,1.262,159.34183249,1
1621427220,1.256,1.256,1.256,1.256,83.00390928,2
1621427400,1.248,1.248,1.248,1.248,221.72614073,1
1621427460,1.248,1.248,1.248,1.248,46.83244451,1
1621427580,1.231,1.232,1.23,1.23,119.93139663,4
1621427700,1.234,1.237,1.234,1.237,3227.11976926,3
1621427760,1.24,1.24,1.24,1.24,60.67513,1
1621427880,1.237,1.237,1.237,1.237,41.82877122,2
1621428000,1.224,1.233,1.219,1.219,952.93384165,3
1621428060,1.213,1.213,1.213,1.213,131,1
1621428180,1.179,1.179,1.179,1.179,27.3900543,1
1621428240,1.178,1.178,1.155,1.168,89.88763621,4
1621428300,1.178,1.178,1.168,1.168,1518.06877498,73
1621428420,1.178,1.178,1.168,1.168,110.43731094,8
1621428600,1.143,1.143,1.108,1.108,3970.3238007,12
1621428720,1.081,1.081,1.081,1.081,524.99999998,4
1621428840,1.0,1.0,0.955,0.955,1948.5,2
1621428900,0.894,0.894,0.894,0.894,111.52125279,1
1621429020,0.849,0.849,0.828,0.833,10246.07326353,15
1621429080,0.849,0.849,0.849,0.849,17.76242638,1
1621429140,1.082,1.082,0.849,0.852,4504.60238031,22
1621430160,0.88,0.88,0.88,0.88,86.69073702,5
1621430280,0.89,0.89,0.89,0.89,5.468644,1
1621430460,0.849,0.849,0.849,0.849,11.697956,1
1621430760,0.943,0.943,0.943,0.943,124.90517124,1
1621430820,0.947,0.947,0.947,0.947,570.93228488,2
1621431000,0.962,0.962,0.962,0.962,34.11469369,1
1621431060,0.962,0.962,0.962,0.962,12.664394,1
1621431420,1.036,1.036,1.036,1.036,22.272515,1
1621432380,1.044,1.044,1.044,1.044,30.090167,1
1621432980,1.063,1.1,1.063,1.1,151.5,3
1621433940,1.455,1.455,1.1,1.1,69,3
1621434900,1.157,1.157,1.091,1.104,80.1242014,8
1621434960,1.08,1.08,1.069,1.069,20.04010246,2
1621435020,1.066,1.066,1.066,1.066,3E+3,1
1621435080,1.082,1.082,1.082,1.082,10.036026,1
1621435200,1.076,1.076,1.076,1.076,964.03128542,1
1621435440,1.069,1.069,1.069,1.069,8.859081,1
1621435500,1.093,1.093,1.093,1.093,10.01,1
1621435560,1.115,1.171,1.115,1.171,117.11699976,8
1621435800,1.181,1.183,1.157,1.183,49.01140483,9
1621436220,1.183,1.195,1.157,1.157,15.39157348,3
1621436520,1.146,1.146,1.125,1.125,78.94222957,3
1621436640,1.124,1.124,1.104,1.104,339.6733679,7
1621437000,1.126,1.171,1.126,1.171,50.05,5
1621437600,1.229,1.232,1.181,1.232,70.06171728,8
1621438080,1.205,1.205,1.193,1.193,14.05614379,2
1621439880,1.207,1.244,1.207,1.244,40.31856,4
1621440000,1.19,1.19,1.19,1.19,14.00000024,1
1621440060,1.19,1.19,1.19,1.19,14.00000024,1
1621440240,1.199,1.199,1.199,1.199,450.06420776,1
1621440780,1.183,1.183,1.17,1.17,3375.99120919,4
1621440840,1.185,1.185,1.185,1.185,39,1
1621441080,1.352,1.352,1.352,1.352,7E+1,1
1621441440,1.203,1.203,1.203,1.203,3E+1,4
1621442220,1.218,1.218,1.218,1.218,12.64482758,1
1621442460,1.23,1.23,1.23,1.23,565.50369079,1
1621442760,1.247,1.247,1.247,1.247,523.72576691,1
1621442880,1.261,1.261,1.261,1.261,623.32983335,1
1621443060,1.203,1.203,1.203,1.203,36.84211,4
1621443180,1.22,1.22,1.22,1.22,545.84963744,1
1621443240,1.227,1.227,1.227,1.227,485.78099827,1
1621443480,1.25,1.25,1.25,1.25,20.61366965,1
1621443780,1.249,1.249,1.249,1.249,93.76198965,1
